"Nekto_nekto3"|7751452703|"Станислав"
"AEzakmiKE"|6587372174|"🎰"
"Macan741"|6725775420|"R M"
"Alex_cryptodd"|7634242586|"Alex"
"silent_dav"|7572668755|"_ss (dav)"
"olegvetnikov"|8068698229|"Олег Ветников"
"anetta_1fk"|5973727290|"Anya"
"ruslnich"|7742594663|"Ruslan Osmanov"
"sergencrptteam"|7568874030|"Сергей CM Team"
"mallevichCEO"|7615444399|"Ярослав"
"steak_hunter"|7014943519|"🐉Who is this🐉"
"palma0"|1037876268|"Жураев "
|715392701|"Alex"
"kaiinvest"|7728776502|"Kai"
"Web9player"|7711540693|"Тимур"
|7593149542|"Олег"
"bosinthug"|1118718408|"Артем"
"stuntalexis"|7148726057|"Алекс Stunt"
"eevtin"|1394071915|"Егор"
"CarnavalCrew"|756919699|"Hans Schneider"
"Ksososjsnksjsusbsbshshdhd"|7686810377|"Норм такой Человек"
"dimasss_evil"|709234400|"Дмитрий Комилов"
"id_tmd1"|127447555|"Ivan"
"AlexJilin777"|7535733157|"Александр Жилин"
"Daviddd1471"|6489919048|"David"
"kriksjeel"|1103864578|"kriksjeel"
"smilinggface"|600413136|":)"
"MESTOR_OFFICIAL"|6362402764|"𝙈𝙀𝙎𝙏𝙊𝙍 𝙊𝙁𝙁𝙄𝘾𝙄𝘼𝙇 🌐 (𝘾𝙃𝙀𝘾𝙆 𝘽𝙄𝙊) ♞"
|5078806116|"Okuo 9"
|7469007086|"Roma V"
"xcrystall"|1507105213|"Тёма"
"sev03jp"|575808004|"SEV"
"larchenko_006"|776475807|"Оптимист"
"arkhipovkm"|338397149|"Kirill A"
|901036533|"Александр"
"Fertyutr"|6939034350|"ㅤ"
"R_Guvho"|7250482752|"Stranger"
|6181297597|"FFF"
"HarryllPotter"|5284089618|"Дима 📈"
|6670123156|"ابو حمزه الدرباشي"
|1319454654|"Firat Simsek"
|808720140|"Bella Bella"
"Wyv93"|5121948946|"Any💤"
|7919827745|"SLD JOSH"
|1540340928|"sikiko mohamed"
"cn_logist"|1360664654|"Ваня"
|7283624900|"Руслан"
"randomnickname5"|608224590|"User_0022"
|7131900148|"Андрей"
"Romasha163"|5520042613|"Роман Ахмадуллин"
"allhalang"|388457665|"Allhalang"
|5182733520|"Анатолий Коротченко"
"Mukhammad_901"|7625922641|"Нурмухаммад Ваххобович"
"odilbek_sultonov"|1095961987|"Одилбек Султонов"
"MDisha_TMII"|5708681608|"Murodilloyev Dilshod"
"T_Bakoka21"|2091692197|"🪐"
"alex_14657"|694118738|"Олег"
|6536798503|"Fait🐍 Par"
"bekhruz_2_1"|7048398861|"Бехруз"
"naposlezavtraa"|983164913|"макс"
"Romich_E"|1058937015|"Роман"
"Ars_Sakh"|5244606225|"Roman"
"ootmivdeneg"|1359983126|"ㅤ ㅤ"
"Mansur543"|2015588832|"Мансур"
"alishkas_111"|6868513794|"A"
"ggakich"|814649003|"GGaka"
"Uralicio"|561081999|"Tungawer"
"ap0stol64"|5628075690|"Димка"
"sofaniyy"|7699109209|"София"
"owcred"|8092271615|"R🐉"
|5783221451|"Василь"
"madking5305"|6788912377|"Ahmed Ali"
"AAA8008"|548964838|"A"
"IRiNs06"|454539642|"IR INS"
"El_Cuaro"|5510110673|". Σeydina Aboubacar Sylla"
|6794196254|"Олег Dolgaev"
